train_metrics/feature_std_step,train_metrics/ijepa_loss_trunk_step,train_metrics/ctx_loss_trunk_step,train_metrics/ijepa_loss_final_step,train_metrics/ctx_loss_final_step,train_metrics/loss_step,train_metrics/lr,train_metrics/wd,epoch,step,val_metrics/feature_std,val_metrics/ijepa_loss_trunk,val_metrics/ctx_loss_trunk,val_metrics/ijepa_loss_final,val_metrics/ctx_loss_final,val_metrics/loss,train_metrics/feature_std_epoch,train_metrics/ijepa_loss_trunk_epoch,train_metrics/ctx_loss_trunk_epoch,train_metrics/ijepa_loss_final_epoch,train_metrics/ctx_loss_final_epoch,train_metrics/loss_epoch
0.17787736654281616,0.30280131101608276,0.10141811519861221,0.029392117634415627,0.01761009357869625,0.39170753955841064,0.0013578525904809097,0.009999999776482582,48,28649,,,,,,,,,,,,
0.18178139626979828,0.20579195022583008,0.1706864833831787,0.029949426651000977,0.02799885720014572,0.33508405089378357,0.0013572461142347828,0.009999999776482582,48,28699,,,,,,,,,,,,
0.1785692572593689,0.300041526556015,0.10182508081197739,0.02931692637503147,0.01787407509982586,0.38920801877975464,0.0013566384831639033,0.009999999776482582,48,28749,,,,,,,,,,,,
0.1799585521221161,0.31972581148147583,0.10499934107065201,0.029370194301009178,0.017961466684937477,0.4105764329433441,0.0013560296984252563,0.009999999776482582,48,28799,,,,,,,,,,,,
0.18102434277534485,0.31810691952705383,0.10460391640663147,0.034808769822120667,0.021755753085017204,0.4160955548286438,0.0013554197611780252,0.009999999776482582,48,28849,,,,,,,,,,,,
0.17814457416534424,0.3111266791820526,0.10584912449121475,0.03166904300451279,0.019800879061222076,0.4056207239627838,0.0013548086725835864,0.009999999776482582,48,28899,,,,,,,,,,,,
0.17722371220588684,0.20086361467838287,0.16694588959217072,0.02988458052277565,0.028309427201747894,0.3283758759498596,0.001354196433805509,0.009999999776482582,48,28949,,,,,,,,,,,,
0.17923355102539062,0.200251966714859,0.1660260409116745,0.0291290320456028,0.027464037761092186,0.3261260390281677,0.0013535830460095527,0.009999999776482582,48,28999,,,,,,,,,,,,
0.18078798055648804,0.3021603524684906,0.09980791062116623,0.028146671131253242,0.016313521191477776,0.38836774230003357,0.0013529685103636651,0.009999999776482582,48,29049,,,,,,,,,,,,
0.17911142110824585,0.3105247914791107,0.10474976152181625,0.02848762460052967,0.018112050369381905,0.40044331550598145,0.0013523528280379778,0.009999999776482582,48,29099,,,,,,,,,,,,
0.1760633885860443,0.33053991198539734,0.10498146712779999,0.030658502131700516,0.01894374005496502,0.42316102981567383,0.0013517360002048078,0.009999999776482582,48,29149,,,,,,,,,,,,
0.18015453219413757,0.3104291260242462,0.10314975678920746,0.02966129034757614,0.018155423924326897,0.4007430076599121,0.0013511180280386525,0.009999999776482582,48,29199,,,,,,,,,,,,
,,,,,,,,48,29203,0.15840281546115875,0.33126404881477356,0.13047735393047333,0.03888406231999397,0.029115136712789536,0.449944406747818,,,,,,
,,,,,,,,48,29203,,,,,,,0.17925512790679932,0.28402379155158997,0.1201891303062439,0.030899008736014366,0.02146991528570652,0.3857519030570984
0.17976167798042297,0.3100374937057495,0.10478942841291428,0.029284849762916565,0.017109626904129982,0.40027186274528503,0.0013504989127161875,0.009999999776482582,49,29249,,,,,,,,,,,,
0.17963667213916779,0.30492648482322693,0.10146139562129974,0.031223099678754807,0.01862441934645176,0.3961924910545349,0.0013498786554162659,0.009999999776482582,49,29299,,,,,,,,,,,,
0.17782801389694214,0.1992879956960678,0.1633877456188202,0.02688874863088131,0.025416208431124687,0.3205787241458893,0.0013492572573199151,0.009999999776482582,49,29349,,,,,,,,,,,,
0.17992062866687775,0.3219190537929535,0.10381568223237991,0.032451268285512924,0.018777741119265556,0.41566702723503113,0.001348634719610335,0.009999999776482582,49,29399,,,,,,,,,,,,
0.1803600788116455,0.3066871464252472,0.10248498618602753,0.03049718774855137,0.01875956542789936,0.3978066146373749,0.0013480110434728942,0.009999999776482582,49,29449,,,,,,,,,,,,
0.18006259202957153,0.31242573261260986,0.09893102198839188,0.027391595765948296,0.016201429069042206,0.39738354086875916,0.0013473862300951306,0.009999999776482582,49,29499,,,,,,,,,,,,
0.17720016837120056,0.3028818666934967,0.10132649540901184,0.02629295364022255,0.01571032963693142,0.38769325613975525,0.0013467602806667462,0.009999999776482582,49,29549,,,,,,,,,,,,
0.17715603113174438,0.2885693907737732,0.10150005668401718,0.024934129789471626,0.015385308302938938,0.37194618582725525,0.001346133196379607,0.009999999776482582,49,29599,,,,,,,,,,,,
0.17517197132110596,0.3110373914241791,0.10269499570131302,0.0286996029317379,0.017442570999264717,0.39980578422546387,0.0013455049784277392,0.009999999776482582,49,29649,,,,,,,,,,,,
0.17616607248783112,0.304338663816452,0.10146424919366837,0.027088407427072525,0.016922319307923317,0.3906203508377075,0.0013448756280073284,0.009999999776482582,49,29699,,,,,,,,,,,,
0.17711642384529114,0.3189440071582794,0.1029665619134903,0.02873254381120205,0.01709926687180996,0.4077094495296478,0.0013442451463167157,0.009999999776482582,49,29749,,,,,,,,,,,,
0.1789560467004776,0.3079638183116913,0.10588651895523071,0.028429215773940086,0.018400680273771286,0.3985366225242615,0.0013436135345563966,0.009999999776482582,49,29799,,,,,,,,,,,,
,,,,,,,,49,29799,0.15657532215118408,0.36976465582847595,0.14987029135227203,0.039068661630153656,0.031109092757105827,0.4993230700492859,,,,,,
,,,,,,,,49,29799,,,,,,,0.17827260494232178,0.2871461510658264,0.11794587969779968,0.028987077996134758,0.019921395927667618,0.38506707549095154
0.1796322762966156,0.2044932097196579,0.16844569146633148,0.02995789423584938,0.028371445834636688,0.33285966515541077,0.0013429807939290188,0.009999999776482582,50,29849,,,,,,,,,,,,
0.1765727400779724,0.3183596134185791,0.10084303468465805,0.02798144333064556,0.016741661354899406,0.4051333963871002,0.0013423469256393784,0.009999999776482582,50,29899,,,,,,,,,,,,
0.1768774390220642,0.30813363194465637,0.10312852263450623,0.027458205819129944,0.01703569106757641,0.395673930644989,0.00134171193089442,0.009999999776482582,50,29949,,,,,,,,,,,,
0.1791326105594635,0.30791175365448,0.09932936728000641,0.029692089185118675,0.018333006650209427,0.396435022354126,0.0013410758109032314,0.009999999776482582,50,29999,,,,,,,,,,,,
0.17985591292381287,0.3171262741088867,0.10135422646999359,0.02978862263262272,0.018016012385487556,0.4066000282764435,0.0013404385668770449,0.009999999776482582,50,30049,,,,,,,,,,,,
0.1761464774608612,0.314052939414978,0.10887274891138077,0.02826778031885624,0.017571166157722473,0.40554267168045044,0.001339800200029232,0.009999999776482582,50,30099,,,,,,,,,,,,
0.17777493596076965,0.32058823108673096,0.1021469309926033,0.029181698337197304,0.01718778721988201,0.40943729877471924,0.0013391607115753018,0.009999999776482582,50,30149,,,,,,,,,,,,
0.17730996012687683,0.20267459750175476,0.16738398373126984,0.027409860864281654,0.025658853352069855,0.3266058564186096,0.0013385201027328998,0.009999999776482582,50,30199,,,,,,,,,,,,
0.17683729529380798,0.30424678325653076,0.10191987454891205,0.024158082902431488,0.014566582627594471,0.38664811849594116,0.0013378783747218046,0.009999999776482582,50,30249,,,,,,,,,,,,
0.17790256440639496,0.20410217344760895,0.16823412477970123,0.029669063165783882,0.027795083820819855,0.3317858576774597,0.0013372355287639256,0.009999999776482582,50,30299,,,,,,,,,,,,
0.1728457361459732,0.2027883678674698,0.16745346784591675,0.025119705125689507,0.02354278974235058,0.3234062194824219,0.0013365915660833014,0.009999999776482582,50,30349,,,,,,,,,,,,
,,,,,,,,50,30395,0.15676245093345642,0.37122848629951477,0.1280442178249359,0.03508584201335907,0.025592487305402756,0.48313266038894653,,,,,,
,,,,,,,,50,30395,,,,,,,0.17695967853069305,0.2881750166416168,0.1185360699892044,0.02826816216111183,0.019482683390378952,0.38545265793800354
0.17852702736854553,0.19904208183288574,0.16510531306266785,0.027088653296232224,0.025451820343732834,0.32140931487083435,0.0013359464879060961,0.009999999776482582,51,30399,,,,,,,,,,,,
0.17666833102703094,0.3308877944946289,0.10184691846370697,0.03004026785492897,0.018726246431469917,0.42121464014053345,0.0013353002954605985,0.009999999776482582,51,30449,,,,,,,,,,,,
0.17708155512809753,0.31902846693992615,0.1000625491142273,0.030825182795524597,0.018787188455462456,0.4092785120010376,0.0013346529899772187,0.009999999776482582,51,30499,,,,,,,,,,,,
0.1762942671775818,0.20335671305656433,0.16795997321605682,0.027389487251639366,0.02577223628759384,0.3276123106479645,0.0013340045726884864,0.009999999776482582,51,30549,,,,,,,,,,,,
0.1755431890487671,0.32087385654449463,0.09963788837194443,0.026638338342308998,0.015508667565882206,0.4050854742527008,0.0013333550448290479,0.009999999776482582,51,30599,,,,,,,,,,,,
0.1772044152021408,0.31308266520500183,0.10361533612012863,0.02699621580541134,0.016148263588547707,0.3999606966972351,0.001332704407635665,0.009999999776482582,51,30649,,,,,,,,,,,,
0.17351481318473816,0.3179212510585785,0.10058153420686722,0.02507319673895836,0.014656566083431244,0.4006134867668152,0.0013320526623472103,0.009999999776482582,51,30699,,,,,,,,,,,,
0.17630036175251007,0.31826284527778625,0.1012069508433342,0.028506409376859665,0.017520219087600708,0.40613284707069397,0.001331399810204668,0.009999999776482582,51,30749,,,,,,,,,,,,
0.17291584610939026,0.2957473397254944,0.10308974981307983,0.02375674806535244,0.014098843559622765,0.37809836864471436,0.0013307458524511283,0.009999999776482582,51,30799,,,,,,,,,,,,
0.17700578272342682,0.3367542624473572,0.10636398196220398,0.033414095640182495,0.021353526040911674,0.43402713537216187,0.0013300907903317878,0.009999999776482582,51,30849,,,,,,,,,,,,
0.17710958421230316,0.31423476338386536,0.10333777964115143,0.02775801718235016,0.016702497377991676,0.4020129144191742,0.0013294346250939454,0.009999999776482582,51,30899,,,,,,,,,,,,
0.17412880063056946,0.30719584226608276,0.09967286884784698,0.025598319247364998,0.01541174203157425,0.39033645391464233,0.0013287773579870002,0.009999999776482582,51,30949,,,,,,,,,,,,
,,,,,,,,51,30991,0.1564733237028122,0.4134802520275116,0.12683945894241333,0.03454931452870369,0.02527969516813755,0.5240890979766846,,,,,,
,,,,,,,,51,30991,,,,,,,0.1757332980632782,0.2912360727787018,0.11716283112764359,0.0276641808450222,0.01887417398393154,0.3869186043739319
0.17345501482486725,0.307591050863266,0.10043612867593765,0.024908587336540222,0.01486839260905981,0.3901519179344177,0.0013281189902624496,0.009999999776482582,52,30999,,,,,,,,,,,,
0.17636533081531525,0.30473512411117554,0.0978998988866806,0.028300253674387932,0.01733890175819397,0.3906548023223877,0.0013274595231738873,0.009999999776482582,52,31049,,,,,,,,,,,,
0.17374935746192932,0.3251057267189026,0.1011020690202713,0.02806510403752327,0.017524354159832,0.4124840497970581,0.0013267989579769989,0.009999999776482582,52,31099,,,,,,,,,,,,
0.17387977242469788,0.3082995116710663,0.10012629628181458,0.026580391451716423,0.015238450840115547,0.39256229996681213,0.0013261372959295621,0.009999999776482582,52,31149,,,,,,,,,,,,
0.17597520351409912,0.3176296651363373,0.10476268827915192,0.027587605640292168,0.01671966351568699,0.4059584438800812,0.0013254745382914428,0.009999999776482582,52,31199,,,,,,,,,,,,
0.17583990097045898,0.2025059014558792,0.16635555028915405,0.02712026797235012,0.02547542378306389,0.3255416750907898,0.0013248106863245925,0.009999999776482582,52,31249,,,,,,,,,,,,
0.17322272062301636,0.20262566208839417,0.16801342368125916,0.0246569886803627,0.023062175139784813,0.32282042503356934,0.001324145741293047,0.009999999776482582,52,31299,,,,,,,,,,,,
0.1727377027273178,0.20706796646118164,0.1702406406402588,0.02665768377482891,0.024955611675977707,0.3313237726688385,0.0013234797044629236,0.009999999776482582,52,31349,,,,,,,,,,,,
0.1703164130449295,0.33348721265792847,0.10220609605312347,0.026888540014624596,0.01637282781302929,0.41966521739959717,0.0013228125771024173,0.009999999776482582,52,31399,,,,,,,,,,,,
0.17258688807487488,0.20917421579360962,0.17118185758590698,0.02815595082938671,0.02636796608567238,0.336105078458786,0.001322144360481801,0.009999999776482582,52,31449,,,,,,,,,,,,
0.17640888690948486,0.20253100991249084,0.16656097769737244,0.028042670339345932,0.026155607774853706,0.3269319534301758,0.0013214750558734208,0.009999999776482582,52,31499,,,,,,,,,,,,
0.17443886399269104,0.3090601861476898,0.0981505960226059,0.025887303054332733,0.015402968972921371,0.39172428846359253,0.0013208046645516948,0.009999999776482582,52,31549,,,,,,,,,,,,
,,,,,,,,52,31587,0.15388895571231842,0.3423508107662201,0.12677189707756042,0.03370820730924606,0.024820243939757347,0.45185500383377075,,,,,,
,,,,,,,,52,31587,,,,,,,0.17465677857398987,0.2874458432197571,0.11861899495124817,0.027236077934503555,0.018903251737356186,0.38344326615333557
0.17444783449172974,0.20631179213523865,0.17040611803531647,0.02772423066198826,0.02602507919073105,0.3322516083717346,0.0013201331877931096,0.009999999776482582,53,31599,,,,,,,,,,,,
0.17369341850280762,0.20525382459163666,0.16954518854618073,0.026209354400634766,0.024605825543403625,0.3285386860370636,0.00131946062687622,0.009999999776482582,53,31649,,,,,,,,,,,,
0.17226190865039825,0.20661483705043793,0.16930773854255676,0.02700919657945633,0.024976199492812157,0.3307659924030304,0.0013187869830816434,0.009999999776482582,53,31699,,,,,,,,,,,,
0.1729699820280075,0.3214992880821228,0.09991075843572617,0.02960137650370598,0.018110986799001694,0.41011151671409607,0.0013181122576920604,0.009999999776482582,53,31749,,,,,,,,,,,,
0.1730661690235138,0.20324160158634186,0.1665775179862976,0.02631952427327633,0.024601733312010765,0.3251507580280304,0.0013174364519922108,0.009999999776482582,53,31799,,,,,,,,,,,,
0.1727992594242096,0.33439505100250244,0.09886493533849716,0.028803430497646332,0.01739320158958435,0.42132753133773804,0.0013167595672688907,0.009999999776482582,53,31849,,,,,,,,,,,,
0.17385125160217285,0.31302252411842346,0.0986553356051445,0.027938101440668106,0.0157924871891737,0.39818453788757324,0.0013160816048109513,0.009999999776482582,53,31899,,,,,,,,,,,,
0.17538362741470337,0.3048253655433655,0.09766962379217148,0.0245628971606493,0.014305055141448975,0.38537558913230896,0.0013154025659092962,0.009999999776482582,53,31949,,,,,,,,,,,,
0.17254094779491425,0.2158268541097641,0.1779438555240631,0.030009090900421143,0.028195230290293694,0.3489055037498474,0.0013147224518568787,0.009999999776482582,53,31999,,,,,,,,,,,,
0.17298875749111176,0.309905469417572,0.09795606136322021,0.02512234076857567,0.01496187411248684,0.3914867639541626,0.0013140412639486981,0.009999999776482582,53,32049,,,,,,,,,,,,
0.17031750082969666,0.3216370642185211,0.09791488200426102,0.02698781155049801,0.016047252342104912,0.4056059420108795,0.0013133590034817998,0.009999999776482582,53,32099,,,,,,,,,,,,
0.1733677238225937,0.32121163606643677,0.10388626903295517,0.02804497629404068,0.017934057861566544,0.41016677021980286,0.0013126756717552707,0.009999999776482582,53,32149,,,,,,,,,,,,
,,,,,,,,53,32183,0.15180744230747223,0.3606860041618347,0.14243055880069733,0.036108192056417465,0.028672954067587852,0.4823460280895233,,,,,,
,,,,,,,,53,32183,,,,,,,0.1733332872390747,0.2894604504108429,0.11657821387052536,0.026984285563230515,0.018530510365962982,0.3839990794658661
0.1738722026348114,0.3083200752735138,0.09718312323093414,0.0276046022772789,0.016881143674254417,0.39295679330825806,0.0013119912700702374,0.009999999776482582,54,32199,,,,,,,,,,,,
0.17098090052604675,0.3129194378852844,0.09922859817743301,0.02424110285937786,0.014696158468723297,0.3941229283809662,0.0013113057997298646,0.009999999776482582,54,32249,,,,,,,,,,,,
0.16949859261512756,0.20569635927677155,0.1694968193769455,0.025421593338251114,0.023808177560567856,0.3277704417705536,0.001310619262039351,0.009999999776482582,54,32299,,,,,,,,,,,,
0.1730465590953827,0.20020955801010132,0.16563037037849426,0.028264641761779785,0.02665128745138645,0.3246150016784668,0.0013099316583059279,0.009999999776482582,54,32349,,,,,,,,,,,,
0.17185096442699432,0.31553003191947937,0.09685049951076508,0.027404634281992912,0.016209593042731285,0.3994647264480591,0.0013092429898388565,0.009999999776482582,54,32399,,,,,,,,,,,,
0.1734674721956253,0.30694666504859924,0.09506001323461533,0.02626379393041134,0.016060540452599525,0.38877072930336,0.0013085532579494256,0.009999999776482582,54,32449,,,,,,,,,,,,
0.17224988341331482,0.32293832302093506,0.09698328375816345,0.027029819786548615,0.016572408378124237,0.4067460000514984,0.001307862463950948,0.009999999776482582,54,32499,,,,,,,,,,,,
0.17015889286994934,0.2070380598306656,0.1693899929523468,0.02344362623989582,0.021940816193819046,0.32614707946777344,0.00130717060915876,0.009999999776482582,54,32549,,,,,,,,,,,,
0.17280113697052002,0.32984644174575806,0.10000316798686981,0.028963308781385422,0.016846895217895508,0.41723477840423584,0.001306477694890217,0.009999999776482582,54,32599,,,,,,,,,,,,
0.1714654564857483,0.32086265087127686,0.09595102816820145,0.0273646991699934,0.016117367893457413,0.4042615294456482,0.0013057837224646918,0.009999999776482582,54,32649,,,,,,,,,,,,
0.17254874110221863,0.3187704086303711,0.09979991614818573,0.03172633424401283,0.01860709674656391,0.4097002446651459,0.0013050886932035723,0.009999999776482582,54,32699,,,,,,,,,,,,
0.17215359210968018,0.3088493347167969,0.09496256709098816,0.025315983220934868,0.014832437969744205,0.3890628218650818,0.0013043926084302581,0.009999999776482582,54,32749,,,,,,,,,,,,
,,,,,,,,54,32779,0.1516168713569641,0.3544042110443115,0.1297624707221985,0.03382803127169609,0.025490539148449898,0.4658588171005249,,,,,,
,,,,,,,,54,32779,,,,,,,0.1716308444738388,0.29283493757247925,0.11311928927898407,0.026458391919732094,0.017873059958219528,0.38478946685791016
0.1732182800769806,0.30840957164764404,0.09674406796693802,0.025695402175188065,0.015145596116781235,0.3900498151779175,0.0013036954694701597,0.009999999776482582,55,32799,,,,,,,,,,,,
0.17130476236343384,0.31516125798225403,0.09932629019021988,0.027299249544739723,0.017063260078430176,0.4006552994251251,0.001302997277650694,0.009999999776482582,55,32849,,,,,,,,,,,,
0.17271503806114197,0.33502036333084106,0.09859126806259155,0.027651958167552948,0.016488367691636086,0.42021214962005615,0.001302298034301283,0.009999999776482582,55,32899,,,,,,,,,,,,
0.16982848942279816,0.20730425417423248,0.17063911259174347,0.02520548179745674,0.023577259853482246,0.3296179175376892,0.0013015977407533502,0.009999999776482582,55,32949,,,,,,,,,,,,
0.17349982261657715,0.3078616261482239,0.09566621482372284,0.027453480288386345,0.01654348149895668,0.3914199471473694,0.0013008963983403199,0.009999999776482582,55,32999,,,,,,,,,,,,
0.1690560281276703,0.20316042006015778,0.16680876910686493,0.02465991862118244,0.022875867784023285,0.3226626515388489,0.001300194008397613,0.009999999776482582,55,33049,,,,,,,,,,,,
0.17005401849746704,0.20844072103500366,0.17203551530838013,0.02735995315015316,0.025794442743062973,0.33471566438674927,0.0012994905722626443,0.009999999776482582,55,33099,,,,,,,,,,,,
0.16954083740711212,0.20214591920375824,0.16629968583583832,0.023241857066750526,0.021623004227876663,0.31934911012649536,0.0012987860912748222,0.009999999776482582,55,33149,,,,,,,,,,,,
0.17138856649398804,0.2998643219470978,0.09800124168395996,0.024274099618196487,0.01478317379951477,0.38053062558174133,0.0012980805667755434,0.009999999776482582,55,33199,,,,,,,,,,,,
0.16896356642246246,0.31625404953956604,0.09590316563844681,0.027510223910212517,0.016514040529727936,0.3999728560447693,0.001297374000108192,0.009999999776482582,55,33249,,,,,,,,,,,,
0.16900110244750977,0.32460084557533264,0.09530498087406158,0.02636527828872204,0.015913134440779686,0.40657517313957214,0.0012966663926181358,0.009999999776482582,55,33299,,,,,,,,,,,,
0.17407533526420593,0.32358792424201965,0.09764739871025085,0.03009307011961937,0.018877994269132614,0.4119436740875244,0.0012959577456527255,0.009999999776482582,55,33349,,,,,,,,,,,,
,,,,,,,,55,33375,0.15065795183181763,0.3165825605392456,0.13315759599208832,0.03449668362736702,0.02643611468374729,0.43087613582611084,,,,,,
,,,,,,,,55,33375,,,,,,,0.1705491691827774,0.29145222902297974,0.11403244733810425,0.026459474116563797,0.018143726512789726,0.3839994966983795
0.1723770797252655,0.32834863662719727,0.09666365385055542,0.02710496075451374,0.015967058017849922,0.41176894307136536,0.0012952480605612903,0.009999999776482582,56,33399,,,,,,,,,,,,
0.16546911001205444,0.31441530585289,0.09831435978412628,0.022736139595508575,0.013888219371438026,0.39325273036956787,0.0012945373386951367,0.009999999776482582,56,33449,,,,,,,,,,,,
0.16780903935432434,0.3154629170894623,0.09769368171691895,0.025712182745337486,0.01562538743019104,0.3978346288204193,0.0012938255814075443,0.009999999776482582,56,33499,,,,,,,,,,,,
0.16966134309768677,0.3262377083301544,0.0961560532450676,0.027059871703386307,0.016026373952627182,0.40938878059387207,0.0012931127900537654,0.009999999776482582,56,33549,,,,,,,,,,,,
0.1717326045036316,0.34092074632644653,0.09809070825576782,0.031816206872463226,0.01980379968881607,0.4316841959953308,0.0012923989659910204,0.009999999776482582,56,33599,,,,,,,,,,,,
0.17070242762565613,0.30670642852783203,0.09489941596984863,0.02565009333193302,0.01570950075984001,0.3876609802246094,0.0012916841105784966,0.009999999776482582,56,33649,,,,,,,,,,,,
0.16845348477363586,0.3137681484222412,0.09867995977401733,0.0246701892465353,0.015475369058549404,0.3955160081386566,0.0012909682251773448,0.009999999776482582,56,33699,,,,,,,,,,,,
0.16993427276611328,0.20208266377449036,0.1658889651298523,0.02698402851819992,0.02518855594098568,0.32460546493530273,0.0012902513111506771,0.009999999776482582,56,33749,,,,,,,,,,,,
0.168514221906662,0.20779231190681458,0.16959746181964874,0.025182537734508514,0.023435451090335846,0.3294912874698639,0.0012895333698635643,0.009999999776482582,56,33799,,,,,,,,,,,,
0.16660520434379578,0.3115973472595215,0.09456737339496613,0.023390071466565132,0.01484505645930767,0.38969361782073975,0.001288814402683033,0.009999999776482582,56,33849,,,,,,,,,,,,
0.16848519444465637,0.32413798570632935,0.0941651239991188,0.02691224403679371,0.01644216477870941,0.4063538908958435,0.001288094410978063,0.009999999776482582,56,33899,,,,,,,,,,,,
0.1686021089553833,0.3175431787967682,0.09528856724500656,0.02361871488392353,0.014011949300765991,0.39581215381622314,0.0012873733961195856,0.009999999776482582,56,33949,,,,,,,,,,,,
,,,,,,,,56,33971,0.1492813527584076,0.3573450446128845,0.13020487129688263,0.03427715599536896,0.02596905268728733,0.469709187746048,,,,,,
,,,,,,,,56,33971,,,,,,,0.16954848170280457,0.2908874750137329,0.11491058766841888,0.026224805042147636,0.018158048391342163,0.3836466372013092
0.17043395340442657,0.3281238079071045,0.09201584756374359,0.028172550722956657,0.01749955117702484,0.4110540747642517,0.0012866513594804797,0.009999999776482582,57,33999,,,,,,,,,,,,
0.1701967567205429,0.3061039447784424,0.09252291172742844,0.024523628875613213,0.01475675031542778,0.3842674195766449,0.00128592830243557,0.009999999776482582,57,34049,,,,,,,,,,,,
0.17021387815475464,0.2085285782814026,0.170797660946846,0.02488960511982441,0.02300579473376274,0.33031991124153137,0.0012852042263616237,0.009999999776482582,57,34099,,,,,,,,,,,,
0.16943874955177307,0.210758775472641,0.17272774875164032,0.028158994391560555,0.02617674507200718,0.33837002515792847,0.0012844791326373488,0.009999999776482582,57,34149,,,,,,,,,,,,
0.16805902123451233,0.33453357219696045,0.09486067295074463,0.027038242667913437,0.016409769654273987,0.4172070324420929,0.0012837530226433914,0.009999999776482582,57,34199,,,,,,,,,,,,
0.1671770215034485,0.324872761964798,0.09505285322666168,0.02610194869339466,0.016485759988427162,0.40674400329589844,0.0012830258977623314,0.009999999776482582,57,34249,,,,,,,,,,,,
0.1665811836719513,0.3138863146305084,0.0954747349023819,0.026620175689458847,0.0168048907071352,0.39664629101753235,0.0012822977593786823,0.009999999776482582,57,34299,,,,,,,,,,,,
0.17135190963745117,0.32455360889434814,0.09426065534353256,0.027380067855119705,0.01644790917634964,0.40728795528411865,0.001281568608878887,0.009999999776482582,57,34349,,,,,,,,,,,,
0.16872751712799072,0.31451377272605896,0.09509950876235962,0.02660641260445118,0.015954546630382538,0.39664721488952637,0.0012808384476513156,0.009999999776482582,57,34399,,,,,,,,,,,,
0.16803795099258423,0.3356073796749115,0.09435421228408813,0.02646048180758953,0.01643139310181141,0.41746068000793457,0.0012801072770862623,0.009999999776482582,57,34449,,,,,,,,,,,,
0.16847699880599976,0.206218421459198,0.16866600513458252,0.027747996151447296,0.025820044800639153,0.3312094509601593,0.001279375098575944,0.009999999776482582,57,34499,,,,,,,,,,,,
0.16766870021820068,0.29598140716552734,0.09262033551931381,0.023710256442427635,0.014162881299853325,0.3730832636356354,0.0012786419135144963,0.009999999776482582,57,34549,,,,,,,,,,,,
,,,,,,,,57,34567,0.14786206185817719,0.35546982288360596,0.15040332078933716,0.033801425248384476,0.02710454910993576,0.4780252277851105,,,,,,
,,,,,,,,57,34567,,,,,,,0.16854849457740784,0.290514200925827,0.11400637775659561,0.02599399723112583,0.018070997670292854,0.3825468420982361
0.16855353116989136,0.33141055703163147,0.09625595062971115,0.027020683512091637,0.017902657389640808,0.41551053524017334,0.0012779077232979712,0.009999999776482582,58,34599,,,,,,,,,,,,
0.1644032597541809,0.32510751485824585,0.09403703361749649,0.024472568184137344,0.014605410397052765,0.4039013087749481,0.0012771725293243348,0.009999999776482582,58,34649,,,,,,,,,,,,
0.16912925243377686,0.20854590833187103,0.1698981523513794,0.028844334185123444,0.02720244787633419,0.33594056963920593,0.0012764363329934648,0.009999999776482582,58,34699,,,,,,,,,,,,
0.16506633162498474,0.33953532576560974,0.09685428440570831,0.023929333314299583,0.014944116584956646,0.4193638563156128,0.0012756991357071473,0.009999999776482582,58,34749,,,,,,,,,,,,
0.16701717674732208,0.2071196585893631,0.16847924888134003,0.02675459533929825,0.024855095893144608,0.3305414319038391,0.0012749609388690733,0.009999999776482582,58,34799,,,,,,,,,,,,
0.168340802192688,0.2065325379371643,0.1685359925031662,0.025338657200336456,0.02340610697865486,0.32784223556518555,0.001274221743884839,0.009999999776482582,58,34849,,,,,,,,,,,,
0.1656813621520996,0.2030826210975647,0.16635215282440186,0.025410979986190796,0.023714039474725723,0.32352668046951294,0.0012734815521619396,0.009999999776482582,58,34899,,,,,,,,,,,,
0.16683954000473022,0.316216379404068,0.09161410480737686,0.02606636844575405,0.0162259079515934,0.39620277285575867,0.0012727403651097689,0.009999999776482582,58,34949,,,,,,,,,,,,
0.16702036559581757,0.20403511822223663,0.1678490787744522,0.02673867531120777,0.024995796382427216,0.32719624042510986,0.0012719981841396151,0.009999999776482582,58,34999,,,,,,,,,,,,
0.16438497602939606,0.31303778290748596,0.09382335841655731,0.024524817243218422,0.0149292116984725,0.3919388949871063,0.0012712550106646601,0.009999999776482582,58,35049,,,,,,,,,,,,
0.16675123572349548,0.20736105740070343,0.16999094188213348,0.0256118793040514,0.023635990917682648,0.32978639006614685,0.0012705108460999747,0.009999999776482582,58,35099,,,,,,,,,,,,
0.16653037071228027,0.3262113034725189,0.09318169951438904,0.026599755510687828,0.016031458973884583,0.4074176251888275,0.001269765691862517,0.009999999776482582,58,35149,,,,,,,,,,,,
,,,,,,,,58,35163,0.14904388785362244,0.40688765048980713,0.1324574053287506,0.032866865396499634,0.02566996030509472,0.518818199634552,,,,,,
,,,,,,,,58,35163,,,,,,,0.16721835732460022,0.2902297079563141,0.11407994478940964,0.025690194219350815,0.01802116073668003,0.38197061419487
0.1632804274559021,0.31917551159858704,0.09224238246679306,0.026224970817565918,0.01664562337100506,0.3998444676399231,0.0012690195493711303,0.009999999776482582,59,35199,,,,,,,,,,,,
0.16553327441215515,0.32843688130378723,0.09348177164793015,0.026932386681437492,0.016714004799723625,0.41046714782714844,0.0012682724200465383,0.009999999776482582,59,35249,,,,,,,,,,,,
0.16732452809810638,0.20649169385433197,0.16935330629348755,0.02711796946823597,0.025318490341305733,0.33094555139541626,0.0012675243053113445,0.009999999776482582,59,35299,,,,,,,,,,,,
0.1665988564491272,0.3255784511566162,0.0934104472398758,0.025945844128727913,0.016186565160751343,0.40632277727127075,0.0012667752065900289,0.009999999776482582,59,35349,,,,,,,,,,,,
0.1645161509513855,0.21012598276138306,0.17192867398262024,0.024896522983908653,0.023052353411912918,0.3325130045413971,0.0012660251253089447,0.009999999776482582,59,35399,,,,,,,,,,,,
0.16645103693008423,0.3235674798488617,0.09319265186786652,0.026646289974451065,0.016537193208932877,0.4050786793231964,0.001265274062896316,0.009999999776482582,59,35449,,,,,,,,,,,,
0.16680431365966797,0.3166917562484741,0.09271299093961716,0.024143051356077194,0.014547917060554028,0.39446526765823364,0.001264522020782235,0.009999999776482582,59,35499,,,,,,,,,,,,
0.167606920003891,0.32642847299575806,0.09378743171691895,0.02570870891213417,0.01598096452653408,0.4070213735103607,0.0012637690003986601,0.009999999776482582,59,35549,,,,,,,,,,,,
0.16434073448181152,0.3379335105419159,0.09273563325405121,0.028109127655625343,0.017281780019402504,0.42105135321617126,0.0012630150031794113,0.009999999776482582,59,35599,,,,,,,,,,,,
0.1664065420627594,0.3228447437286377,0.09181275963783264,0.027970323339104652,0.017044221982359886,0.40524354577064514,0.0012622600305601693,0.009999999776482582,59,35649,,,,,,,,,,,,
0.1618555188179016,0.31631213426589966,0.09361855685710907,0.022879889234900475,0.014287622645497322,0.3931451141834259,0.001261504083978472,0.009999999776482582,59,35699,,,,,,,,,,,,
0.1632632315158844,0.3097269535064697,0.08805470168590546,0.021614106371998787,0.01341354101896286,0.3820751905441284,0.0012607471648737115,0.009999999776482582,59,35749,,,,,,,,,,,,
,,,,,,,,59,35759,0.1470889151096344,0.39632323384284973,0.12825174629688263,0.034222669899463654,0.02654808759689331,0.5079458355903625,,,,,,
,,,,,,,,59,35759,,,,,,,0.16617228090763092,0.2944725453853607,0.11014699190855026,0.02566368505358696,0.01771591044962406,0.3840676248073578
0.16605529189109802,0.34159544110298157,0.09398724138736725,0.027417169883847237,0.017796916887164116,0.4249046742916107,0.0012599892746871318,0.009999999776482582,60,35799,,,,,,,,,,,,
0.16636867821216583,0.3268181085586548,0.09399057179689407,0.026927217841148376,0.01741134002804756,0.40944626927375793,0.0012592304148618262,0.009999999776482582,60,35849,,,,,,,,,,,,
0.1644359976053238,0.33282285928726196,0.08995135873556137,0.02755209617316723,0.01736598089337349,0.4140336215496063,0.001258470586842734,0.009999999776482582,60,35899,,,,,,,,,,,,
0.16551631689071655,0.31958669424057007,0.09392037987709045,0.02532719448208809,0.01611168123781681,0.3999299108982086,0.0012577097920766379,0.009999999776482582,60,35949,,,,,,,,,,,,
0.16565686464309692,0.3259194493293762,0.09434089064598083,0.028011271730065346,0.018297266215085983,0.41024982929229736,0.0012569480320121617,0.009999999776482582,60,35999,,,,,,,,,,,,
0.16327568888664246,0.3207820951938629,0.09039600938558578,0.02502356842160225,0.01620788872241974,0.39910760521888733,0.0012561853080997672,0.009999999776482582,60,36049,,,,,,,,,,,,
0.16568419337272644,0.32819199562072754,0.09317129105329514,0.02814364619553089,0.017732122913002968,0.41178736090660095,0.0012554216217917512,0.009999999776482582,60,36099,,,,,,,,,,,,
0.16562888026237488,0.32720696926116943,0.09069572389125824,0.02559787593781948,0.015542475506663322,0.4059239625930786,0.0012546569745422432,0.009999999776482582,60,36149,,,,,,,,,,,,
0.16724957525730133,0.32422658801078796,0.09050348401069641,0.026371801272034645,0.016826514154672623,0.4042634069919586,0.0012538913678072023,0.009999999776482582,60,36199,,,,,,,,,,,,
0.16382157802581787,0.3351956605911255,0.0936359092593193,0.027619870379567146,0.0169054064899683,0.4180862009525299,0.0012531248030444148,0.009999999776482582,60,36249,,,,,,,,,,,,
0.16675978899002075,0.3089125454425812,0.09100419282913208,0.025068214163184166,0.015483831986784935,0.3872247636318207,0.0012523572817134906,0.009999999776482582,60,36299,,,,,,,,,,,,
0.1638074368238449,0.3171270787715912,0.0920947790145874,0.02307436615228653,0.014572497457265854,0.3935350775718689,0.0012515888052758615,0.009999999776482582,60,36349,,,,,,,,,,,,
,,,,,,,,60,36355,0.14479421079158783,0.3773592412471771,0.1231977790594101,0.03024124540388584,0.022777142003178596,0.48058807849884033,,,,,,
,,,,,,,,60,36355,,,,,,,0.16488352417945862,0.2918265759944916,0.11074350029230118,0.025459423661231995,0.017841869965195656,0.38157859444618225
0.16040700674057007,0.3211115896701813,0.09429863095283508,0.02334435284137726,0.014926155097782612,0.39906835556030273,0.0012508193751947783,0.009999999776482582,61,36399,,,,,,,,,,,,
0.1611526757478714,0.3359254002571106,0.09138097614049911,0.024247601628303528,0.015480771660804749,0.41360387206077576,0.0012500489929353064,0.009999999776482582,61,36449,,,,,,,,,,,,
0.1636752188205719,0.3132956624031067,0.09101197868585587,0.024362845346331596,0.0150916688144207,0.39071035385131836,0.0012492776599643252,0.009999999776482582,61,36499,,,,,,,,,,,,
0.1637028455734253,0.313897043466568,0.09022165834903717,0.02730439603328705,0.016274375841021538,0.3944494426250458,0.0012485053777505242,0.009999999776482582,61,36549,,,,,,,,,,,,
0.16534143686294556,0.3270379602909088,0.09127818048000336,0.026125287637114525,0.015674976631999016,0.40663984417915344,0.0012477321477644004,0.009999999776482582,61,36599,,,,,,,,,,,,
0.16262279450893402,0.3177371919155121,0.09213345497846603,0.026027154177427292,0.016982845962047577,0.3983224928379059,0.0012469579714782545,0.009999999776482582,61,36649,,,,,,,,,,,,
0.1641843467950821,0.20596009492874146,0.16874633729457855,0.024524657055735588,0.02275492064654827,0.3262353837490082,0.0012461828503661909,0.009999999776482582,61,36699,,,,,,,,,,,,
0.16505751013755798,0.3169257640838623,0.09368658065795898,0.02540198341012001,0.015714265406131744,0.3970281779766083,0.001245406785904111,0.009999999776482582,61,36749,,,,,,,,,,,,
0.1659681499004364,0.2058640420436859,0.1689177304506302,0.027463097125291824,0.02563762664794922,0.33060482144355774,0.0012446297795697143,0.009999999776482582,61,36799,,,,,,,,,,,,
0.1632210612297058,0.30959269404411316,0.08900097012519836,0.02244158275425434,0.013931263238191605,0.3835003972053528,0.001243851832842492,0.009999999776482582,61,36849,,,,,,,,,,,,
0.16430138051509857,0.32193416357040405,0.08925899863243103,0.02333083562552929,0.01432673167437315,0.3970578908920288,0.001243072947203727,0.009999999776482582,61,36899,,,,,,,,,,,,
0.16318100690841675,0.32244476675987244,0.08835853636264801,0.024859556928277016,0.014923357404768467,0.39894527196884155,0.00124229312413649,0.009999999776482582,61,36949,,,,,,,,,,,,
,,,,,,,,61,36951,0.14414668083190918,0.3477153480052948,0.12901897728443146,0.03209764137864113,0.025384753942489624,0.45701485872268677,,,,,,
,,,,,,,,61,36951,,,,,,,0.16347317397594452,0.29284191131591797,0.10949885100126266,0.025222251191735268,0.017645245417952538,0.3816360533237457
0.16213718056678772,0.20447735488414764,0.16708679497241974,0.023766351863741875,0.021998614072799683,0.322786420583725,0.0012415123651256352,0.009999999776482582,62,36999,,,,,,,,,,,,
0.16225461661815643,0.20427240431308746,0.16781219840049744,0.025300951674580574,0.02352389693260193,0.3252413868904114,0.0012407306716578016,0.009999999776482582,62,37049,,,,,,,,,,,,
0.161941796541214,0.30134841799736023,0.09565762430429459,0.024355653673410416,0.016458384692668915,0.3817620873451233,0.0012399480452214048,0.009999999776482582,62,37099,,,,,,,,,,,,
0.16338975727558136,0.3172452747821808,0.09041230380535126,0.025644006207585335,0.015948748216032982,0.39606982469558716,0.0012391644873066387,0.009999999776482582,62,37149,,,,,,,,,,,,
0.1626931130886078,0.33706724643707275,0.09143529087305069,0.029517557471990585,0.01916004717350006,0.4218824803829193,0.0012383799994054696,0.009999999776482582,62,37199,,,,,,,,,,,,
0.16065451502799988,0.34287723898887634,0.09045475721359253,0.027607791125774384,0.01706727407872677,0.42424604296684265,0.0012375945830116351,0.009999999776482582,62,37249,,,,,,,,,,,,
0.15982882678508759,0.20271611213684082,0.16581296920776367,0.02334722876548767,0.021605368703603745,0.31977251172065735,0.001236808239620641,0.009999999776482582,62,37299,,,,,,,,,,,,
0.16070224344730377,0.207621231675148,0.17030812799930573,0.026003099977970123,0.024059275165200233,0.33080804347991943,0.0012360209707297579,0.009999999776482582,62,37349,,,,,,,,,,,,
0.1617097407579422,0.3088039755821228,0.08783295005559921,0.026040533557534218,0.017012279480695724,0.3872671127319336,0.0012352327778380186,0.009999999776482582,62,37399,,,,,,,,,,,,
0.16167281568050385,0.3281114399433136,0.09040094912052155,0.027035493403673172,0.0167190283536911,0.4087069034576416,0.0012344436624462153,0.009999999776482582,62,37449,,,,,,,,,,,,
0.1585497260093689,0.31486251950263977,0.09198707342147827,0.02440829947590828,0.016235750168561935,0.3933822214603424,0.0012336536260568968,0.009999999776482582,62,37499,,,,,,,,,,,,
,,,,,,,,62,37547,0.14275555312633514,0.41868990659713745,0.10961943864822388,0.028823141008615494,0.02070799469947815,0.5126767754554749,,,,,,
,,,,,,,,62,37547,,,,,,,0.16184291243553162,0.2949281334877014,0.10588301718235016,0.02502942830324173,0.017296815291047096,0.3815476596355438
0.15864193439483643,0.31259676814079285,0.08813434094190598,0.02093966118991375,0.012330886907875538,0.38376903533935547,0.0012328626701743656,0.009999999776482582,63,37549,,,,,,,,,,,,
0.1625339686870575,0.20696796476840973,0.16952502727508545,0.026230527088046074,0.024535754695534706,0.33022886514663696,0.0012320707963046744,0.009999999776482582,63,37599,,,,,,,,,,,,
0.16138619184494019,0.31088897585868835,0.08863566070795059,0.02300674468278885,0.01436039712280035,0.38539376854896545,0.001231278005955625,0.009999999776482582,63,37649,,,,,,,,,,,,
0.16272979974746704,0.3338033854961395,0.08695142716169357,0.02577059715986252,0.01643107645213604,0.4112652540206909,0.0012304843006367635,0.009999999776482582,63,37699,,,,,,,,,,,,
0.15922929346561432,0.33677470684051514,0.089754618704319,0.02617093361914158,0.017350871115922928,0.4164983928203583,0.0012296896818593784,0.009999999776482582,63,37749,,,,,,,,,,,,
0.15869510173797607,0.20006601512432098,0.16387112438678741,0.023847967386245728,0.022344904020428658,0.3170219957828522,0.001228894151136497,0.009999999776482582,63,37799,,,,,,,,,,,,
0.16152164340019226,0.32512301206588745,0.08951068669557571,0.02660013921558857,0.016441592946648598,0.40469929575920105,0.0012280977099828842,0.009999999776482582,63,37849,,,,,,,,,,,,
0.1572292000055313,0.3152034282684326,0.09120533615350723,0.022052019834518433,0.013627409003674984,0.38967183232307434,0.0012273003599150365,0.009999999776482582,63,37899,,,,,,,,,,,,
0.15628387033939362,0.3118080198764801,0.08789967000484467,0.023893600329756737,0.015404868870973587,0.38735389709472656,0.0012265021024511834,0.009999999776482582,63,37949,,,,,,,,,,,,
0.16038265824317932,0.20289769768714905,0.16583825647830963,0.025204995647072792,0.02351444959640503,0.3227790296077728,0.0012257029391112807,0.009999999776482582,63,37999,,,,,,,,,,,,
0.16050277650356293,0.32293713092803955,0.08798598498106003,0.026368871331214905,0.01728200353682041,0.4019399881362915,0.0012249028714170086,0.009999999776482582,63,38049,,,,,,,,,,,,
0.16093532741069794,0.20355619490146637,0.16766518354415894,0.026493925601243973,0.024413906037807465,0.32608968019485474,0.0012241019008917713,0.009999999776482582,63,38099,,,,,,,,,,,,
,,,,,,,,63,38143,0.14178186655044556,0.40577399730682373,0.12421868741512299,0.035165779292583466,0.029090899974107742,0.517594575881958,,,,,,
,,,,,,,,63,38143,,,,,,,0.16038890182971954,0.2926352322101593,0.1065782904624939,0.024899546056985855,0.017378944903612137,0.3795131742954254
0.1593538522720337,0.3084239065647125,0.08933902531862259,0.02523728646337986,0.01697780191898346,0.38681960105895996,0.0012233000290606901,0.009999999776482582,64,38149,,,,,,,,,,,,
0.15909940004348755,0.3195619583129883,0.0884266197681427,0.02748660184442997,0.017040878534317017,0.39978229999542236,0.0012224972574506033,0.009999999776482582,64,38199,,,,,,,,,,,,
0.16033369302749634,0.31044331192970276,0.08928722143173218,0.02325487695634365,0.013834921643137932,0.3852592706680298,0.0012216935875900624,0.009999999776482582,64,38249,,,,,,,,,,,,
0.15857434272766113,0.3219335973262787,0.08764828741550446,0.023600177839398384,0.014757983386516571,0.39673689007759094,0.0012208890210093292,0.009999999776482582,64,38299,,,,,,,,,,,,
0.1566377878189087,0.33344462513923645,0.0885920450091362,0.02531946264207363,0.015557943843305111,0.4108390808105469,0.0012200835592403733,0.009999999776482582,64,38349,,,,,,,,,,,,
0.15916141867637634,0.31339049339294434,0.08924730122089386,0.02603728324174881,0.01582460105419159,0.3919637203216553,0.001219277203816868,0.009999999776482582,64,38399,,,,,,,,,,,,
0.15813113749027252,0.31649839878082275,0.08902816474437714,0.022165320813655853,0.013506769202649593,0.38993120193481445,0.0012184699562741888,0.009999999776482582,64,38449,,,,,,,,,,,,
0.1590861976146698,0.31171125173568726,0.08535607159137726,0.024921543896198273,0.015308213420212269,0.38696491718292236,0.0012176618181494099,0.009999999776482582,64,38499,,,,,,,,,,,,
0.15961340069770813,0.306684285402298,0.0847841203212738,0.02303834818303585,0.013131171464920044,0.3786802589893341,0.001216852790981301,0.009999999776482582,64,38549,,,,,,,,,,,,
0.15825989842414856,0.33209314942359924,0.08715315908193588,0.027899693697690964,0.017948705703020096,0.41254377365112305,0.001216042876310325,0.009999999776482582,64,38599,,,,,,,,,,,,
0.15787222981452942,0.1990317404270172,0.16330115497112274,0.023539697751402855,0.02152707427740097,0.31498557329177856,0.0012152320756786338,0.009999999776482582,64,38649,,,,,,,,,,,,
0.1585615873336792,0.30995386838912964,0.08924465626478195,0.0222911573946476,0.013674996793270111,0.3837048411369324,0.0012144203906300675,0.009999999776482582,64,38699,,,,,,,,,,,,
,,,,,,,,64,38739,0.13819509744644165,0.37578025460243225,0.15494857728481293,0.03698023036122322,0.03085087053477764,0.5056601166725159,,,,,,
,,,,,,,,64,38739,,,,,,,0.15843728184700012,0.2872803211212158,0.10871157795190811,0.024845430627465248,0.017658023163676262,0.3753102719783783
0.1588432341814041,0.2008933275938034,0.16583621501922607,0.023748023435473442,0.02186802588403225,0.31849348545074463,0.0012136078227101491,0.009999999776482582,65,38749,,,,,,,,,,,,
0.1568167805671692,0.3193192780017853,0.08718109130859375,0.02601897343993187,0.016503984108567238,0.39718079566955566,0.0012127943734660837,0.009999999776482582,65,38799,,,,,,,,,,,,
0.15565404295921326,0.3118172585964203,0.08817927539348602,0.02314646728336811,0.014899658970534801,0.3865031898021698,0.0012119800444467537,0.009999999776482582,65,38849,,,,,,,,,,,,
0.157289519906044,0.3249186873435974,0.08878916501998901,0.02614598162472248,0.017056763172149658,0.4039876461029053,0.0012111648372027167,0.009999999776482582,65,38899,,,,,,,,,,,,
0.15778452157974243,0.3028622567653656,0.08520649373531342,0.0219521876424551,0.013939655385911465,0.3743875324726105,0.0012103487532862031,0.009999999776482582,65,38949,,,,,,,,,,,,
0.1571662724018097,0.19919899106025696,0.16460223495960236,0.025938980281352997,0.02404017373919487,0.3194591701030731,0.001209531794251112,0.009999999776482582,65,38999,,,,,,,,,,,,
0.1561470925807953,0.3086768686771393,0.08775720745325089,0.023849934339523315,0.014401772990822792,0.38360631465911865,0.0012087139616530091,0.009999999776482582,65,39049,,,,,,,,,,,,
0.15691331028938293,0.29187753796577454,0.08542448282241821,0.021498385816812515,0.013596585020422935,0.3628864586353302,0.0012078952570491236,0.009999999776482582,65,39099,,,,,,,,,,,,
0.15455183386802673,0.31522178649902344,0.09192993491888046,0.023255551233887672,0.014880630187690258,0.39188259840011597,0.0012070756819983447,0.009999999776482582,65,39149,,,,,,,,,,,,
0.1558872014284134,0.3191334307193756,0.0938154086470604,0.024366894736886024,0.015403643250465393,0.3981098532676697,0.001206255238061219,0.009999999776482582,65,39199,,,,,,,,,,,,
0.15613412857055664,0.3137589693069458,0.08809640258550644,0.024181261658668518,0.015404297038912773,0.3896905779838562,0.0012054339267999477,0.009999999776482582,65,39249,,,,,,,,,,,,
0.1562347412109375,0.3105810284614563,0.08869810402393341,0.02445348910987377,0.01568569801747799,0.387226402759552,0.001204611749778384,0.009999999776482582,65,39299,,,,,,,,,,,,
,,,,,,,,65,39335,0.13810119032859802,0.367068886756897,0.1350494623184204,0.03234424069523811,0.025868423283100128,0.4798721969127655,,,,,,
,,,,,,,,65,39335,,,,,,,0.15671983361244202,0.2874583601951599,0.10773956775665283,0.024697843939065933,0.017501097172498703,0.3747764229774475
0.1569054275751114,0.3126196563243866,0.08851396292448044,0.024081991985440254,0.015237608924508095,0.3885774314403534,0.0012037887085620286,0.009999999776482582,66,39349,,,,,,,,,,,,
0.15618374943733215,0.20205359160900116,0.16604426503181458,0.025464095175266266,0.023402774706482887,0.3222412168979645,0.0012029648047180287,0.009999999776482582,66,39399,,,,,,,,,,,,
0.1570647954940796,0.3089076280593872,0.08990165591239929,0.025283394381403923,0.016452448442578316,0.3873680830001831,0.0012021400398151726,0.009999999776482582,66,39449,,,,,,,,,,,,
0.15479488670825958,0.3231392204761505,0.08920520544052124,0.02786574512720108,0.0174544807523489,0.40433481335639954,0.0012013144154238895,0.009999999776482582,66,39499,,,,,,,,,,,,
0.1529553383588791,0.3084371089935303,0.08525692671537399,0.022598551586270332,0.01433982141315937,0.38083404302597046,0.0012004879331162454,0.009999999776482582,66,39549,,,,,,,,,,,,
0.15418189764022827,0.3166169226169586,0.08937838673591614,0.025659868493676186,0.017077356576919556,0.3955046832561493,0.0011996605944659378,0.009999999776482582,66,39599,,,,,,,,,,,,
0.15217211842536926,0.31192731857299805,0.08891172707080841,0.02271767519414425,0.014316369779407978,0.3862590193748474,0.001198832401048297,0.009999999776482582,66,39649,,,,,,,,,,,,
0.1542460024356842,0.3125811219215393,0.0877266451716423,0.022385679185390472,0.01414867676794529,0.385904461145401,0.0011980033544402794,0.009999999776482582,66,39699,,,,,,,,,,,,
0.15601637959480286,0.20301450788974762,0.16763828694820404,0.026380332186818123,0.02456025406718254,0.32549411058425903,0.0011971734562204672,0.009999999776482582,66,39749,,,,,,,,,,,,
0.15453749895095825,0.3328293263912201,0.08925336599349976,0.027000272646546364,0.017977358773350716,0.41344496607780457,0.001196342707969063,0.009999999776482582,66,39799,,,,,,,,,,,,
0.15529364347457886,0.19739550352096558,0.16287268698215485,0.02410571649670601,0.022205423563718796,0.31404027342796326,0.0011955111112678881,0.009999999776482582,66,39849,,,,,,,,,,,,
0.1529572606086731,0.31404951214790344,0.09026025980710983,0.022862417623400688,0.015208970755338669,0.3896465599536896,0.0011946786677003798,0.009999999776482582,66,39899,,,,,,,,,,,,
,,,,,,,,66,39931,0.13678871095180511,0.3382757008075714,0.126979261636734,0.03196803852915764,0.025676898658275604,0.44657185673713684,,,,,,
,,,,,,,,66,39931,,,,,,,0.15510255098342896,0.28418418765068054,0.10958930104970932,0.024780279025435448,0.017837101593613625,0.3726779520511627
0.15186986327171326,0.33950915932655334,0.08906494826078415,0.02715456858277321,0.017850900068879128,0.4201216697692871,0.0011938453788515886,0.009999999776482582,67,39949,,,,,,,,,,,,
0.1542447805404663,0.31169039011001587,0.08552373200654984,0.025882897898554802,0.016747694462537766,0.38870900869369507,0.001193011246308172,0.009999999776482582,67,39999,,,,,,,,,,,,
0.15416133403778076,0.1966785043478012,0.16232262551784515,0.022166075184941292,0.020548420026898384,0.31028008460998535,0.0011921762716583973,0.009999999776482582,67,40049,,,,,,,,,,,,
0.152924045920372,0.33191004395484924,0.08601222932338715,0.027216343209147453,0.017360830679535866,0.4108129143714905,0.001191340456492132,0.009999999776482582,67,40099,,,,,,,,,,,,
0.15432611107826233,0.3109093904495239,0.08308035135269165,0.022973500192165375,0.015119018964469433,0.3829825818538666,0.0011905038024008466,0.009999999776482582,67,40149,,,,,,,,,,,,
0.15403173863887787,0.3230561316013336,0.08547712117433548,0.025029059499502182,0.01545222382992506,0.3985498547554016,0.0011896663109776074,0.009999999776482582,67,40199,,,,,,,,,,,,
0.15293464064598083,0.19736991822719574,0.16340413689613342,0.024995217099785805,0.023100104182958603,0.31561726331710815,0.0011888279838170761,0.009999999776482582,67,40249,,,,,,,,,,,,
0.15392529964447021,0.33478474617004395,0.08864165842533112,0.027441611513495445,0.017512246966362,0.4153032898902893,0.0011879888225155048,0.009999999776482582,67,40299,,,,,,,,,,,,
0.1540098786354065,0.3361864686012268,0.08809861540794373,0.027123691514134407,0.016661569476127625,0.41569027304649353,0.0011871488286707343,0.009999999776482582,67,40349,,,,,,,,,,,,
0.15187568962574005,0.33359843492507935,0.08589475601911545,0.026467235758900642,0.017655469477176666,0.4118407964706421,0.0011863080038821909,0.009999999776482582,67,40399,,,,,,,,,,,,
0.15206673741340637,0.19524504244327545,0.1608446091413498,0.023528018966317177,0.021482469514012337,0.3099365830421448,0.0011854663497508828,0.009999999776482582,67,40449,,,,,,,,,,,,
0.15228794515132904,0.3269807696342468,0.08573020994663239,0.02651827596127987,0.01722085103392601,0.4049745798110962,0.0011846238678793971,0.009999999776482582,67,40499,,,,,,,,,,,,
,,,,,,,,67,40527,0.13496968150138855,0.36826902627944946,0.11897914111614227,0.03375372663140297,0.027478454634547234,0.47525161504745483,,,,,,
,,,,,,,,67,40527,,,,,,,0.1532699167728424,0.28539255261421204,0.10725156962871552,0.024499336257576942,0.017483685165643692,0.37225964665412903
0.15172940492630005,0.3138372004032135,0.08950965106487274,0.02399989403784275,0.014972653239965439,0.39007824659347534,0.0011837805598718977,0.009999999776482582,68,40549,,,,,,,,,,,,
0.1532953679561615,0.3316199779510498,0.08390575647354126,0.024531539529561996,0.015037082135677338,0.4056229293346405,0.0011829364273341209,0.009999999776482582,68,40599,,,,,,,,,,,,
0.1541368067264557,0.3097776472568512,0.08575190603733063,0.025234051048755646,0.016629941761493683,0.3862026035785675,0.0011820914718733734,0.009999999776482582,68,40649,,,,,,,,,,,,
0.15149624645709991,0.32912299036979675,0.0872744619846344,0.026136839762330055,0.017046187072992325,0.40742015838623047,0.0011812456950985283,0.009999999776482582,68,40699,,,,,,,,,,,,
0.15133285522460938,0.31048715114593506,0.0881996899843216,0.026887118816375732,0.018395105376839638,0.39067167043685913,0.001180399098620023,0.009999999776482582,68,40749,,,,,,,,,,,,
0.15257050096988678,0.29555657505989075,0.08735156059265137,0.023331210017204285,0.01576707698404789,0.3704470992088318,0.0011795516840498559,0.009999999776482582,68,40799,,,,,,,,,,,,
0.15220525860786438,0.31112363934516907,0.08770814538002014,0.025642387568950653,0.016594402492046356,0.38891732692718506,0.0011787034530015823,0.009999999776482582,68,40849,,,,,,,,,,,,
0.15133221447467804,0.19761018455028534,0.16266019642353058,0.025646857917308807,0.02368447557091713,0.31642937660217285,0.001177854407090313,0.009999999776482582,68,40899,,,,,,,,,,,,
0.150351881980896,0.3092847466468811,0.08388718217611313,0.022264838218688965,0.014629919081926346,0.38080811500549316,0.0011770045479327096,0.009999999776482582,68,40949,,,,,,,,,,,,
0.150597482919693,0.3149974048137665,0.08388260751962662,0.022794075310230255,0.014344758354127407,0.38690516352653503,0.0011761538771469834,0.009999999776482582,68,40999,,,,,,,,,,,,
0.15098661184310913,0.3132537007331848,0.08562194555997849,0.026418965309858322,0.017006559297442436,0.39098691940307617,0.0011753023963528893,0.009999999776482582,68,41049,,,,,,,,,,,,
0.15088613331317902,0.2018636018037796,0.1672583371400833,0.024559028446674347,0.022604716941714287,0.3213541507720947,0.0011744501071717266,0.009999999776482582,68,41099,,,,,,,,,,,,
,,,,,,,,68,41123,0.1341114342212677,0.36676302552223206,0.1274089217185974,0.030761726200580597,0.024626148864626884,0.4735422134399414,,,,,,
,,,,,,,,68,41123,,,,,,,0.1515568345785141,0.28471246361732483,0.10569275170564651,0.02435293048620224,0.017349723726511,0.370586633682251
0.1507396101951599,0.3026076853275299,0.08328095823526382,0.02316484972834587,0.014212734997272491,0.374519407749176,0.0011735970112263321,0.009999999776482582,69,41149,,,,,,,,,,,,
0.15046823024749756,0.3255959451198578,0.08630400151014328,0.025081902742385864,0.015835458412766457,0.40174758434295654,0.0011727431101410794,0.009999999776482582,69,41199,,,,,,,,,,,,
0.14831402897834778,0.31218820810317993,0.08500650525093079,0.02260979637503624,0.014008172787725925,0.38430532813072205,0.001171888405541876,0.009999999776482582,69,41249,,,,,,,,,,,,
0.1506524235010147,0.3367368280887604,0.08834081143140793,0.025784166529774666,0.01561039313673973,0.41449660062789917,0.0011710328990561579,0.009999999776482582,69,41299,,,,,,,,,,,,
0.1505316197872162,0.31156620383262634,0.08757322281599045,0.02209320478141308,0.014167457818984985,0.3845297396183014,0.0011701765923128888,0.009999999776482582,69,41349,,,,,,,,,,,,
0.14937034249305725,0.2956862151622772,0.0872630849480629,0.022527992725372314,0.014016794040799141,0.3688541650772095,0.001169319486942556,0.009999999776482582,69,41399,,,,,,,,,,,,
0.1482507586479187,0.3106970489025116,0.08191724121570587,0.022586630657315254,0.013415745459496975,0.3809501528739929,0.0011684615845771675,0.009999999776482582,69,41449,,,,,,,,,,,,
0.14842593669891357,0.1998729407787323,0.16457803547382355,0.023134050890803337,0.021118517965078354,0.3158552646636963,0.0011676028868502493,0.009999999776482582,69,41499,,,,,,,,,,,,
0.1487126648426056,0.3131136894226074,0.08457920700311661,0.02370660938322544,0.014517908915877342,0.38636887073516846,0.0011667433953968405,0.009999999776482582,69,41549,,,,,,,,,,,,
0.14834049344062805,0.33102670311927795,0.08399683982133865,0.025282708927989006,0.016163550317287445,0.40638959407806396,0.0011658831118534932,0.009999999776482582,69,41599,,,,,,,,,,,,
0.14930018782615662,0.30836793780326843,0.08538933098316193,0.022000424563884735,0.013733642175793648,0.3799298405647278,0.0011650220378582662,0.009999999776482582,69,41649,,,,,,,,,,,,
0.1499941349029541,0.33370035886764526,0.08481563627719879,0.02465217374265194,0.015253243036568165,0.4083869755268097,0.0011641601750507246,0.009999999776482582,69,41699,,,,,,,,,,,,
,,,,,,,,69,41719,0.1326139122247696,0.33812037110328674,0.12403957545757294,0.032121915370225906,0.025478089228272438,0.4450010061264038,,,,,,
,,,,,,,,69,41719,,,,,,,0.14978882670402527,0.2906935513019562,0.10190817713737488,0.023938406258821487,0.016606058925390244,0.3738890588283539
0.14861688017845154,0.292084664106369,0.08416684716939926,0.02153836563229561,0.013090535067021847,0.3622516989707947,0.001163297525071935,0.009999999776482582,70,41749,,,,,,,,,,,,
0.14809677004814148,0.3299066126346588,0.08583138883113861,0.025776559486985207,0.016638251021504402,0.4069179892539978,0.0011624340895644626,0.009999999776482582,70,41799,,,,,,,,,,,,
0.14789408445358276,0.19495435059070587,0.16241513192653656,0.022327987477183342,0.020612148568034172,0.3087959587574005,0.0011615698701723687,0.009999999776482582,70,41849,,,,,,,,,,,,
0.14731714129447937,0.320010244846344,0.09107539802789688,0.023543285205960274,0.014784584753215313,0.39648354053497314,0.0011607048685412069,0.009999999776482582,70,41899,,,,,,,,,,,,
0.14827455580234528,0.1991676241159439,0.16398797929286957,0.02315973863005638,0.021259430795907974,0.3149510622024536,0.0011598390863180204,0.009999999776482582,70,41949,,,,,,,,,,,,
0.14807531237602234,0.20380689203739166,0.1682465672492981,0.026072228327393532,0.02445460483431816,0.3262297213077545,0.0011589725251513387,0.009999999776482582,70,41999,,,,,,,,,,,,
0.1461823731660843,0.29374757409095764,0.0844370499253273,0.019955309107899666,0.012481918558478355,0.36216238141059875,0.0011581051866911749,0.009999999776482582,70,42049,,,,,,,,,,,,
0.15005788207054138,0.1928950846195221,0.15985195338726044,0.023117132484912872,0.021159568801522255,0.30651798844337463,0.0011572370725890211,0.009999999776482582,70,42099,,,,,,,,,,,,
0.14897039532661438,0.30662810802459717,0.0849495455622673,0.022661933675408363,0.013807893730700016,0.37866875529289246,0.0011563681844978472,0.009999999776482582,70,42149,,,,,,,,,,,,
0.14725755155086517,0.3392653167247772,0.08782965689897537,0.024968653917312622,0.01608116365969181,0.41618937253952026,0.0011554985240720965,0.009999999776482582,70,42199,,,,,,,,,,,,
0.1471249759197235,0.32257702946662903,0.08413893729448318,0.025104571133852005,0.016446463763713837,0.39797431230545044,0.0011546280929676832,0.009999999776482582,70,42249,,,,,,,,,,,,
0.14688871800899506,0.3020486533641815,0.0811275765299797,0.024301383644342422,0.01574569195508957,0.3747866749763489,0.0011537568928419886,0.009999999776482582,70,42299,,,,,,,,,,,,
,,,,,,,,70,42315,0.13161878287792206,0.36187034845352173,0.11595819145441055,0.028861340135335922,0.021804379299283028,0.45961302518844604,,,,,,
,,,,,,,,70,42315,,,,,,,0.1479611098766327,0.2896023988723755,0.10353033989667892,0.023815875872969627,0.01655072532594204,0.37345874309539795
0.14701592922210693,0.3188032805919647,0.08343848586082458,0.022137686610221863,0.013833452947437763,0.38957691192626953,0.001152884925353858,0.009999999776482582,71,42349,,,,,,,,,,,,
0.1479472815990448,0.19615565240383148,0.16197603940963745,0.02296636253595352,0.02110912650823593,0.3106645941734314,0.0011520121921635988,0.009999999776482582,71,42399,,,,,,,,,,,,
0.14671003818511963,0.3220249116420746,0.08313563466072083,0.024556057527661324,0.015416393056511879,0.3958570063114166,0.0011511386949329759,0.009999999776482582,71,42449,,,,,,,,,,,,
0.14673957228660583,0.294647753238678,0.08334577828645706,0.022570708766579628,0.014138595201075077,0.36596065759658813,0.0011502644353252082,0.009999999776482582,71,42499,,,,,,,,,,,,
0.1460050642490387,0.19526101648807526,0.16127444803714752,0.02227480337023735,0.02055756188929081,0.3084518313407898,0.0011493894150049672,0.009999999776482582,71,42549,,,,,,,,,,,,
0.1465960443019867,0.31081658601760864,0.0862402692437172,0.02413657121360302,0.015264257788658142,0.38570544123649597,0.001148513635638373,0.009999999776482582,71,42599,,,,,,,,,,,,
0.14811456203460693,0.323175847530365,0.08523478358983994,0.023543408140540123,0.01451959740370512,0.39659643173217773,0.0011476370988929903,0.009999999776482582,71,42649,,,,,,,,,,,,
0.14615753293037415,0.19639447331428528,0.16347365081310272,0.023132365196943283,0.02134707383811474,0.31193721294403076,0.001146759806437826,0.009999999776482582,71,42699,,,,,,,,,,,,
0.14576271176338196,0.30818578600883484,0.08457337319850922,0.022394390776753426,0.014086073264479637,0.3799099028110504,0.0011458817599433264,0.009999999776482582,71,42749,,,,,,,,,,,,
0.14540928602218628,0.3238297998905182,0.08299647271633148,0.023120593279600143,0.013586774468421936,0.39524203538894653,0.0011450029610813738,0.009999999776482582,71,42799,,,,,,,,,,,,
0.14575240015983582,0.3249662518501282,0.08618495613336563,0.024287020787596703,0.015016555786132812,0.39985403418540955,0.0011441234115252812,0.009999999776482582,71,42849,,,,,,,,,,,,
0.14650556445121765,0.3330030143260956,0.08292532712221146,0.02524099312722683,0.015567352063953876,0.4074903428554535,0.0011432431129497938,0.009999999776482582,71,42899,,,,,,,,,,,,
,,,,,,,,71,42911,0.12985743582248688,0.34682467579841614,0.12191760540008545,0.03179998695850372,0.02537158876657486,0.4522692859172821,,,,,,
,,,,,,,,71,42911,,,,,,,0.14627216756343842,0.2866511344909668,0.10517086088657379,0.02359648421406746,0.0165399182587862,0.37110307812690735
0.1451205611228943,0.32875221967697144,0.08777668327093124,0.025397900491952896,0.0164262093603611,0.40625154972076416,0.001142362067031081,0.009999999776482582,72,42949,,,,,,,,,,,,
0.14492583274841309,0.3299325704574585,0.08765631169080734,0.025237996131181717,0.016008228063583374,0.40700283646583557,0.001141480275446736,0.009999999776482582,72,42999,,,,,,,,,,,,
0.14527657628059387,0.3157753348350525,0.08530967682600021,0.02331596240401268,0.014171545393764973,0.3888319134712219,0.0011405977398757715,0.009999999776482582,72,43049,,,,,,,,,,,,
0.14429515600204468,0.19923445582389832,0.16592790186405182,0.023931847885251045,0.022128336131572723,0.317194402217865,0.0011397144619986165,0.009999999776482582,72,43099,,,,,,,,,,,,
0.14539295434951782,0.3274257779121399,0.08720958232879639,0.022357556968927383,0.013154438696801662,0.3999653458595276,0.0011388304434971146,0.009999999776482582,72,43149,,,,,,,,,,,,
0.1452977955341339,0.3173148036003113,0.08845870196819305,0.023818133398890495,0.015275164507329464,0.39299988746643066,0.0011379456860545185,0.009999999776482582,72,43199,,,,,,,,,,,,
0.14455394446849823,0.31387582421302795,0.08511557430028915,0.024712085723876953,0.015830496326088905,0.38906094431877136,0.0011370601913554884,0.009999999776482582,72,43249,,,,,,,,,,,,
0.14710921049118042,0.1938255876302719,0.16162197291851044,0.02244439721107483,0.02062772586941719,0.3073948323726654,0.001136173961086088,0.009999999776482582,72,43299,,,,,,,,,,,,
0.1443345546722412,0.30768024921417236,0.08435235172510147,0.022364847362041473,0.014503192156553268,0.37947288155555725,0.0011352869969337817,0.009999999776482582,72,43349,,,,,,,,,,,,
0.14406508207321167,0.3404049277305603,0.08844258636236191,0.02478407695889473,0.015606006607413292,0.4172132909297943,0.0011343993005874318,0.009999999776482582,72,43399,,,,,,,,,,,,
0.14351320266723633,0.33742254972457886,0.08702215552330017,0.025550607591867447,0.016331052407622337,0.4146497845649719,0.001133510873737294,0.009999999776482582,72,43449,,,,,,,,,,,,
0.14265641570091248,0.30932989716529846,0.08303054422140121,0.0222188588231802,0.013673581182956696,0.37990081310272217,0.0011326217180750154,0.009999999776482582,72,43499,,,,,,,,,,,,
,,,,,,,,72,43507,0.12973184883594513,0.34166860580444336,0.12752008438110352,0.0317472368478775,0.02543937973678112,0.4498956799507141,,,,,,
,,,,,,,,72,43507,,,,,,,0.1446441411972046,0.2862730026245117,0.10673094540834427,0.023595888167619705,0.016737518832087517,0.3716029226779938
0.14252859354019165,0.32986971735954285,0.08329307287931442,0.023081758990883827,0.014526944607496262,0.4018614888191223,0.0011317318352936307,0.009999999776482582,73,43549,,,,,,,,,,,,
0.1445920467376709,0.31358927488327026,0.08717332780361176,0.02293330244719982,0.014852823689579964,0.3875356614589691,0.0011308412270875593,0.009999999776482582,73,43599,,,,,,,,,,,,
0.14401140809059143,0.3086261451244354,0.08399558067321777,0.021634062752127647,0.012993288226425648,0.3787546455860138,0.0011299498951526012,0.009999999776482582,73,43649,,,,,,,,,,,,
0.1419392228126526,0.3119189143180847,0.08726310729980469,0.021793747320771217,0.014005287550389767,0.3843468725681305,0.001129057841185935,0.009999999776482582,73,43699,,,,,,,,,,,,
0.14434772729873657,0.3054558336734772,0.08168230950832367,0.021805917844176292,0.013571088202297688,0.37488844990730286,0.0011281650668861147,0.009999999776482582,73,43749,,,,,,,,,,,,
0.14292412996292114,0.1955118477344513,0.16351638734340668,0.023005837574601173,0.021379150450229645,0.31096547842025757,0.0011272715739530645,0.009999999776482582,73,43799,,,,,,,,,,,,
0.14316189289093018,0.3129745125770569,0.08499332517385483,0.023354152217507362,0.014016509056091309,0.3858335614204407,0.0011263773640880778,0.009999999776482582,73,43849,,,,,,,,,,,,
0.14190255105495453,0.3210465610027313,0.08278864622116089,0.02300971746444702,0.014339372515678406,0.3926202952861786,0.001125482438993813,0.009999999776482582,73,43899,,,,,,,,,,,,
0.14312204718589783,0.3099842667579651,0.08295924961566925,0.023430513218045235,0.014621681533753872,0.3822052478790283,0.0011245868003742908,0.009999999776482582,73,43949,,,,,,,,,,,,
0.14217954874038696,0.31280428171157837,0.08553238213062286,0.02176138386130333,0.013387220911681652,0.3840254545211792,0.0011236904499348891,0.009999999776482582,73,43999,,,,,,,,,,,,
0.1429179608821869,0.2997798025608063,0.08747369796037674,0.024946002289652824,0.015551861375570297,0.3762385845184326,0.001122793389382343,0.009999999776482582,73,44049,,,,,,,,,,,,
0.1432056427001953,0.3116055130958557,0.08274468779563904,0.023145778104662895,0.01427445188164711,0.3832608759403229,0.0011218956204247389,0.009999999776482582,73,44099,,,,,,,,,,,,
,,,,,,,,73,44103,0.1273205727338791,0.3535597622394562,0.11910886317491531,0.029595229774713516,0.02330520749092102,0.4543619751930237,,,,,,
,,,,,,,,73,44103,,,,,,,0.14308001101016998,0.28564098477363586,0.10509870201349258,0.023140799254179,0.016340352594852448,0.3695012927055359
0.14095082879066467,0.3363666236400604,0.0847909152507782,0.02486882358789444,0.01596597582101822,0.4116138815879822,0.001120997144771511,0.009999999776482582,74,44149,,,,,,,,,,,,
0.14184261858463287,0.19621308147907257,0.16307426989078522,0.02311623841524124,0.02138914354145527,0.31156104803085327,0.0011200979641334413,0.009999999776482582,74,44199,,,,,,,,,,,,
0.14072468876838684,0.3126697242259979,0.08303406089544296,0.021756647154688835,0.013685652986168861,0.38278621435165405,0.0011191980802226522,0.009999999776482582,74,44249,,,,,,,,,,,,
0.14309746026992798,0.19365324079990387,0.1621997356414795,0.022418716922402382,0.020763708278536797,0.30755364894866943,0.0011182974947526062,0.009999999776482582,74,44299,,,,,,,,,,,,
0.141669362783432,0.30570894479751587,0.08180560916662216,0.020508278161287308,0.012127482332289219,0.3731837570667267,0.0011173962094381017,0.009999999776482582,74,44349,,,,,,,,,,,,
0.14150816202163696,0.19479742646217346,0.16138215363025665,0.023301254957914352,0.02158399485051632,0.3095817565917969,0.0011164942259952691,0.009999999776482582,74,44399,,,,,,,,,,,,
0.14247533679008484,0.321834534406662,0.08239272236824036,0.021964702755212784,0.013749361038208008,0.39187029004096985,0.0011155915461415684,0.009999999776482582,74,44449,,,,,,,,,,,,
0.14177507162094116,0.3222353458404541,0.08311295509338379,0.02308058738708496,0.014648177661001682,0.3941965103149414,0.0011146881715957853,0.009999999776482582,74,44499,,,,,,,,,,,,
0.14209559559822083,0.31594541668891907,0.08638923615217209,0.021996919065713882,0.01401593443006277,0.38814491033554077,0.001113784104078029,0.009999999776482582,74,44549,,,,,,,,,,,,
0.14144814014434814,0.19083064794540405,0.15874290466308594,0.022503744810819626,0.020842649042606354,0.3031271696090698,0.0011128793453097279,0.009999999776482582,74,44599,,,,,,,,,,,,
0.14020682871341705,0.19463446736335754,0.16223086416721344,0.02176366187632084,0.019927412271499634,0.30747726559638977,0.0011119738970136262,0.009999999776482582,74,44649,,,,,,,,,,,,
0.14148423075675964,0.31559011340141296,0.08555984497070312,0.02230103127658367,0.013330034911632538,0.3873360753059387,0.0011110677609137813,0.009999999776482582,74,44699,,,,,,,,,,,,
,,,,,,,,74,44699,0.12621919810771942,0.3479156792163849,0.11852089315652847,0.028581716120243073,0.021848993375897408,0.4466823935508728,,,,,,
,,,,,,,,74,44699,,,,,,,0.14146897196769714,0.286532461643219,0.1045718640089035,0.023011667653918266,0.01633816957473755,0.3699990212917328
0.14163580536842346,0.1958467811346054,0.16341854631900787,0.022749094292521477,0.02119039185345173,0.31090036034584045,0.0011101609387355602,0.009999999776482582,75,44749,,,,,,,,,,,,
0.1417718380689621,0.30838853120803833,0.08294041454792023,0.021641338244080544,0.013646853156387806,0.378323495388031,0.0011092534322056362,0.009999999776482582,75,44799,,,,,,,,,,,,
0.1413598358631134,0.31645578145980835,0.08539241552352905,0.022010646760463715,0.014331434853374958,0.38832834362983704,0.001108345243051986,0.009999999776482582,75,44849,,,,,,,,,,,,
0.13940204679965973,0.19139203429222107,0.15912865102291107,0.024512270465493202,0.02280125766992569,0.3068692684173584,0.0011074363730038859,0.009999999776482582,75,44899,,,,,,,,,,,,
0.13866257667541504,0.19028273224830627,0.15866732597351074,0.020491616800427437,0.01878335140645504,0.2994996905326843,0.001106526823791908,0.009999999776482582,75,44949,,,,,,,,,,,,
0.13898426294326782,0.3294372856616974,0.0874708965420723,0.023983221501111984,0.014827823266386986,0.4045698642730713,0.001105616597147919,0.009999999776482582,75,44999,,,,,,,,,,,,
0.14100641012191772,0.3226303160190582,0.08309617638587952,0.023397641256451607,0.014807265251874924,0.39497968554496765,0.001104705694805074,0.009999999776482582,75,45049,,,,,,,,,,,,
0.1401456892490387,0.32466816902160645,0.08407872170209885,0.024716872721910477,0.015829604119062424,0.3993391990661621,0.0011037941184978163,0.009999999776482582,75,45099,,,,,,,,,,,,
0.13884790241718292,0.31641483306884766,0.08773384243249893,0.02079845406115055,0.013112807646393776,0.38763663172721863,0.0011028818699618706,0.009999999776482582,75,45149,,,,,,,,,,,,
0.14188271760940552,0.3183824121952057,0.08088577538728714,0.02228948101401329,0.013575208373367786,0.3879023790359497,0.0011019689509342429,0.009999999776482582,75,45199,,,,,,,,,,,,
0.14196959137916565,0.3173845708370209,0.08665298670530319,0.023037495091557503,0.014026600867509842,0.3907618522644043,0.001101055363153216,0.009999999776482582,75,45249,,,,,,,,,,,,
,,,,,,,,75,45295,0.12628205120563507,0.3312200903892517,0.12114113569259644,0.02933625876903534,0.022891342639923096,0.432572603225708,,,,,,
,,,,,,,,75,45295,,,,,,,0.14036443829536438,0.28627821803092957,0.1036517471075058,0.022510865703225136,0.015882302075624466,0.3685559630393982
0.138717383146286,0.32345154881477356,0.08367801457643509,0.021905772387981415,0.013430682942271233,0.3939116597175598,0.0011001411083583449,0.009999999776482582,76,45299,,,,,,,,,,,,
0.13936805725097656,0.30957093834877014,0.08589477837085724,0.022044824436306953,0.013549990952014923,0.3813381493091583,0.0010992261882904557,0.009999999776482582,76,45349,,,,,,,,,,,,
0.13901159167289734,0.3144841492176056,0.08473476022481918,0.023857228457927704,0.0151221863925457,0.38826984167099,0.0010983106046916413,0.009999999776482582,76,45399,,,,,,,,,,,,
0.13837994635105133,0.3087317645549774,0.08254414051771164,0.02047068439424038,0.012947474606335163,0.3769482672214508,0.001097394359305257,0.009999999776482582,76,45449,,,,,,,,,,,,
0.1397710144519806,0.19543872773647308,0.16229936480522156,0.02114134281873703,0.019432980567216873,0.3074462413787842,0.0010964774538759193,0.009999999776482582,76,45499,,,,,,,,,,,,
0.14002767205238342,0.323208749294281,0.08377931267023087,0.0212330874055624,0.013386588543653488,0.3930248022079468,0.0010955598901495008,0.009999999776482582,76,45549,,,,,,,,,,,,
0.13963580131530762,0.3120989501476288,0.08362875878810883,0.021605486050248146,0.013334850780665874,0.38218623399734497,0.0010946416698731276,0.009999999776482582,76,45599,,,,,,,,,,,,
0.1380268931388855,0.3163149952888489,0.0867789089679718,0.022159839048981667,0.01377247553318739,0.38875052332878113,0.0010937227947951768,0.009999999776482582,76,45649,,,,,,,,,,,,
0.14027929306030273,0.3162090480327606,0.08615925163030624,0.02316117472946644,0.014228232204914093,0.3895639479160309,0.0010928032666652706,0.009999999776482582,76,45699,,,,,,,,,,,,
0.13810324668884277,0.1983732432126999,0.16592364013195038,0.02317291498184204,0.021550631150603294,0.31528329849243164,0.0010918830872342767,0.009999999776482582,76,45749,,,,,,,,,,,,
0.14034482836723328,0.3156091272830963,0.0863543376326561,0.023393971845507622,0.014344755560159683,0.38935261964797974,0.0010909622582543016,0.009999999776482582,76,45799,,,,,,,,,,,,
0.1374771147966385,0.3131747841835022,0.08646945655345917,0.024873269721865654,0.01640404760837555,0.38948482275009155,0.0010900407814786886,0.009999999776482582,76,45849,,,,,,,,,,,,
,,,,,,,,76,45891,0.12519142031669617,0.34359976649284363,0.12140271067619324,0.030125068500638008,0.02385888248682022,0.4463556110858917,,,,,,
,,,,,,,,76,45891,,,,,,,0.13940133154392242,0.2875025272369385,0.10346806794404984,0.022528743371367455,0.01580609753727913,0.36966827511787415
0.1399395912885666,0.3252328634262085,0.08651350438594818,0.02294328808784485,0.014153609983623028,0.3985097110271454,0.0010891186586620152,0.009999999776482582,77,45899,,,,,,,,,,,,
0.13751929998397827,0.31311702728271484,0.08420176059007645,0.02037177048623562,0.01229629386216402,0.3817378282546997,0.0010881958915600883,0.009999999776482582,77,45949,,,,,,,,,,,,
0.13947376608848572,0.19063131511211395,0.15844504535198212,0.020736297592520714,0.01930037885904312,0.30024030804634094,0.001087272481929942,0.009999999776482582,77,45999,,,,,,,,,,,,
0.13743701577186584,0.3106563985347748,0.08524810522794724,0.021319052204489708,0.01262990664690733,0.38091444969177246,0.0010863484315298338,0.009999999776482582,77,46049,,,,,,,,,,,,
0.1398373395204544,0.19794096052646637,0.16479846835136414,0.022389668971300125,0.020531989634037018,0.3129958510398865,0.0010854237421192411,0.009999999776482582,77,46099,,,,,,,,,,,,
0.13850347697734833,0.19274279475212097,0.1610793173313141,0.02210969105362892,0.020616866648197174,0.3057006001472473,0.0010844984154588587,0.009999999776482582,77,46149,,,,,,,,,,,,
0.13897082209587097,0.33309701085090637,0.08202587813138962,0.021192504093050957,0.012158098630607128,0.4013814926147461,0.0010835724533105931,0.009999999776482582,77,46199,,,,,,,,,,,,
0.13668806850910187,0.31662097573280334,0.08381646871566772,0.022918395698070526,0.014655056409537792,0.38877514004707336,0.001082645857437563,0.009999999776482582,77,46249,,,,,,,,,,,,
